id_kpi,id_kpi_source,source_catalogue,pole_id,pole_source,intitule_du_kpi,categorie,formule_de_calcul,frequence_de_collecte,seuil_cible,unite_de_mesure,sens_performance
"KPI-001","KPI-001","Catalogue KPI","DFC","Direction Finance et Comptabilité (DFC)","Chiffre d'affaires","Financier","Volume produit x Prix unitaire HT","Hebdomadaire","100","nombre_quantite","hausse_favorable"
"KPI-002","KPI-002","Catalogue KPI","DSI","Direction du Système Informatique (DSI)","Taux de maintenance préventive réalisés","Productivité","Nbre de maintenance préventive réalisé X 100) / Nbr de maintenance préventive planifié","Mensuel","90","pourcentage","hausse_favorable"
"KPI-003","KPI-003","Catalogue KPI","DSI","Direction du Système Informatique (DSI)","Disponibilité / Accessibilité (système)","Productivité","Nombre de minutes de disponibilité des systèmes d’information X100) / Total des minutes pendant lesquelles le service est ouvert.","Hebdomadaire","98","minutes","hausse_favorable"
"KPI-004","KPI-004","Catalogue KPI","DSI","Direction du Système Informatique (DSI)","Transactions Bloquées (télécommunication)","Productivité","Nombre d’appels aboutissant à une tonalité d’occupation X100) / nombre total d’appels reçus","Hebdomadaire","98","nombre_quantite","hausse_favorable"
"KPI-005","KPI-005","Catalogue KPI","DSI","Direction du Système Informatique (DSI)","Taux de Disponibilité / Accessibilité (télécommunication)","Productivité","Nombre de minutes de disponibilité du commutateur X100) / Total des minutes pendant lesquelles le service est ouvert.","Hebdomadaire","98","pourcentage","hausse_favorable"
"KPI-006","KPI-006","Catalogue KPI","DSI","Direction du Système Informatique (DSI)","VOLUME IVR","Productivité","Nombre total de transaction éligible pour le service","Hebdomadaire","98","nombre_quantite","hausse_favorable"
"KPI-007","KPI-007","Catalogue KPI","DSI","Direction du Système Informatique (DSI)","TAUX DE FONCTIONNALITE DES SYSTEMES IVR","Satisfaction Client","Somme des temps d'indisponibilité X 100) / Temps total de disponibilité","Hebdomadaire","99","pourcentage","hausse_favorable"
"KPI-008","KPI-008","Catalogue KPI","DSI","Direction du Système Informatique (DSI)","Nombre d'incident de sécurité","Productivité","Nombre total d'incidents identifié sur le système informatique","Hebdomadaire","0","nombre_quantite","hausse_favorable"
"KPI-009","KPI-009","Catalogue KPI","DSI","Direction du Système Informatique (DSI)","Taux de traitement dans les délais","Satisfaction Client","Nbre de ticket ouvert traités dans le délais(2880min)X100 / Nbre total de ticket ouvert","Hebdomadaire","89","pourcentage","baisse_favorable"
"KPI-010","KPI-010","Catalogue KPI","DSI","Direction du Système Informatique (DSI)","MTTR","Satisfaction Client","Moyenne de temps de traitement de tous les tickets sur la periode","Hebdomadaire","60","nombre_quantite","baisse_favorable"
"KPI-011","KPI-011","Catalogue KPI","DSI","Direction du Système Informatique (DSI)","Taux d'exactitude de réparation ou solution","Satisfaction Client","Volume total de tickets ouverts - Volume de tickets réouverts)X 100 / nombre total de tickets par cartégorie","Hebdomadaire","90","pourcentage","hausse_favorable"
"KPI-012","KPI-012","Catalogue KPI","EPC","Pôle Voix du Client & EPC","Tx Exact ECC","Qualité","Tx Exact ECC=Nb transactions sans ECC X 100/Nb transactions évaluées","Hebdomadaire","95","nombre_quantite","hausse_favorable"
"KPI-013","KPI-013","Catalogue KPI","EPC","Pôle Voix du Client & EPC","Tx Exact ECA","Qualité","Tx Exact ECA=Nb transactions sans ECA X 100/Nb transactions évaluées","Hebdomadaire","90","nombre_quantite","hausse_favorable"
"KPI-014","KPI-014","Catalogue KPI","EPC","Pôle Voix du Client & EPC","Tx Exact ECCo","Qualité","Tx Exact ECCo=Nb transactions sans ECCo X 100/Nb transactions évaluées","Hebdomadaire","99.5","nombre_quantite","hausse_favorable"
"KPI-015","KPI-015","Catalogue KPI","EPC","Pôle Voix du Client & EPC","Tx Exact ENC","Qualité","Tx Exact ENC=Nb transactions sans ENC X 100/Nb transactions évaluées","Hebdomadaire","95","nombre_quantite","hausse_favorable"
"KPI-016","KPI-016","Catalogue KPI","EPC","Pôle Voix du Client & EPC","Tx défaut","Qualité","Tx défaut=Nb d'inconformité X 100/Nb transactions évaluées","Hebdomadaire","2","nombre_quantite","baisse_favorable"
"KPI-017","KPI-017","Catalogue KPI","EPC","Pôle Voix du Client & EPC","Tx per de Esc","Qualité","Tx per de Esc= Pertinence de l’escalade = Nb d’escalades incorrectes / Nb d’escalades réalisées","Hebdomadaire","98","nombre_quantite","baisse_favorable"
"KPI-018","KPI-018","Catalogue KPI","EPC","Pôle Voix du Client & EPC","VR","Qualité","VR=Echantillonnage représentatif sur le volume d’appels reçu. Calcul effectué dans la calculette COPC.","Hebdomadaire","600","nombre_quantite","hausse_favorable"
"KPI-019","KPI-019","Catalogue KPI","BID","AAIM","Taux de réussite Quiz FI","Opérationnel","Nombre d'apprenants ayant validé le quiz ÷ Nombre total d'apprenants ayant passé le quiz) × 100","Hebdomadaire","85","pourcentage","hausse_favorable"
"KPI-020","KPI-020","Catalogue KPI","BID","AAIM","Heures FI (Prévues vs Réalisées)","Opérationnel","Heures FI réalisées /Heures FI prévues)​ * 100","Hebdomadaire","100","heures","hausse_favorable"
"KPI-021","KPI-021","Catalogue KPI","BID","AAIM","Taux Présence Ateliers","Opérationnel","Nombre d'agents présents aux ateliers de formation ÷ Nombre d'agents convoqués aux ateliers de formation) × 100","Hebdomadaire","95","pourcentage","hausse_favorable"
"KPI-022","KPI-022","Catalogue KPI","BID","AAIM","Taux de Présence au Coaching","Opérationnel","Nombre de séances de coaching réalisées ÷ Nombre de séances de coaching prévues) × 100","Hebdomadaire","95","pourcentage","hausse_favorable"
"KPI-023","KPI-023","Catalogue KPI","BID","AAIM","Heures FC (Prévues vs Réalisées)","Opérationnel","Heures FC réalisées ÷ Heures FC prévues) × 100","Hebdomadaire","95","heures","hausse_favorable"
"KPI-024","KPI-024","Catalogue KPI","BID","AAIM","Taux de Réussite Quiz FC","Opérationnel","Nombre d'agents ayant atteint ou dépassé le score minimum requis ÷ Nombre total d'agents ayant passé le quiz FC) × 100","Hebdomadaire","95","pourcentage","hausse_favorable"
"KPI-025","KPI-025","Catalogue KPI","BID","AAIM","Score Quiz FC","Opérationnel","Somme des scores individuels obtenus aux quiz FC ÷ Nombre total d'agents évalués) × 100","Hebdomadaire","95","pourcentage","hausse_favorable"
"KPI-026","KPI-026","Catalogue KPI","BID","AAIM","Taux de complétion EDFLEX","Opérationnel","Nombre de parcours complétés ÷ Nombre de parcours assignés) × 100","Hebdomadaire","100","pourcentage","hausse_favorable"
"KPI-027","KPI-027","Catalogue KPI","BID","AAIM","Qualité de la Formation CRCD — Intégration","Opérationnel","Nombre d'agents ayant réussi au quiz ÷ Nombre total d'agents évalués) × 100","Hebdomadaire","85","pourcentage","hausse_favorable"
"KPI-028","KPI-028","Catalogue KPI","BID","AAIM","Qualité de la Formation CRCD — Continue","Opérationnel","Nombre d'agents ayant atteint le seuil ÷ Nombre total d'agents évalués) × 100","Hebdomadaire","95","nombre_quantite","hausse_favorable"
"KPI-029","KPI-029","Catalogue KPI","BID","AAIM","Efficacité de la Formation","Opérationnel","Une enquête de satisfaction sur le déroulé de la formation","Mensuel","80","nombre_quantite","hausse_favorable"
"KPI-030","KPI-030","Catalogue KPI","BID","AAIM","Efficacité du Formateur","Opérationnel","feedbacks à chaud ( enquête de satisfaction)","Mensuel","80","nombre_quantite","hausse_favorable"
"KPI-031","KPI-031","Catalogue KPI","BID","AAIM","Taux de Formation Réalisée","Opérationnel","Nombre de formation réalisée / Nombre de formation prévue) * 100","Mensuel","60","pourcentage","hausse_favorable"
"KPI-032","KPI-032","Catalogue KPI","COM","Pôle Marketing et Communication","FOLLOWERS LINKEDIN","Stratégique","NA","Hebdomadaire","0","nombre_quantite","hausse_favorable"
"KPI-033","KPI-033","Catalogue KPI","COM","Pôle Marketing et Communication","FOLLOWERS FACEBOOK","Stratégique","NA","Hebdomadaire","0","nombre_quantite","hausse_favorable"
"KPI-034","KPI-034","Catalogue KPI","COM","Pôle Marketing et Communication","FOLLOWERS INSTAGRAM","Stratégique","NA","Hebdomadaire","0","nombre_quantite","hausse_favorable"
"KPI-035","KPI-035","Catalogue KPI","COM","Pôle Marketing et Communication","FOLLOWERS SUR X (Twitter)","Stratégique","NA","Hebdomadaire","0","nombre_quantite","hausse_favorable"
"KPI-036","KPI-036","Catalogue KPI","COM","Pôle Marketing et Communication","IMPRESSION (LINKEDIN)","Stratégique","NA","Hebdomadaire","0","nombre_quantite","hausse_favorable"
"KPI-037","KPI-037","Catalogue KPI","COM","Pôle Marketing et Communication","PORTEE (FACEBOOK)","Stratégique","NA","Hebdomadaire","0","nombre_quantite","hausse_favorable"
"KPI-038","KPI-038","Catalogue KPI","COM","Pôle Marketing et Communication","PORTEE (INSTAGRAM)","Stratégique","NA","Hebdomadaire","0","nombre_quantite","hausse_favorable"
"KPI-039","KPI-039","Catalogue KPI","COM","Pôle Marketing et Communication","TAUX D'ENGAGEMENT","Stratégique","INTERACTIONS/IMPRESSIONS) *100","Hebdomadaire","0","pourcentage","hausse_favorable"
"KPI-040","KPI-040","Catalogue KPI","COM","Pôle Marketing et Communication","TAUX D'ENGAGEMENT FACEBOOK","Stratégique","INTERACTIONS/PORTEE) * 100","Hebdomadaire","0","pourcentage","hausse_favorable"
"KPI-041","KPI-041","Catalogue KPI","COM","Pôle Marketing et Communication","TAUX D'ENGAGEMENT INSTAGRAM","Stratégique","INTERACTIONS/PORTEE) *100","Hebdomadaire","0","pourcentage","hausse_favorable"
"KPI-042","KPI-042","Catalogue KPI","DFC","Direction Finance et Comptabilité (DFC)","Masse Salariale","Financier","Total des charges RH sur le total du Chiffre d'affaires","Hebdomadaire","35","nombre_quantite","hausse_favorable"
"KPI-043","KPI-043","Catalogue KPI","DFC","Direction Finance et Comptabilité (DFC)","Résultat Avant Impôt","Financier","Chiffre d'affaires - toutes charges) / Chiffre d'affaires","Hebdomadaire","15","nombre_quantite","hausse_favorable"
"KPI-044","KPI-044","Catalogue KPI","BID","DPB","Taux de transformation digital","Stratégique","Somme (%projet) / Nombre de projets","Hebdomadaire","70","pourcentage","hausse_favorable"
"KPI-045","KPI-045","Catalogue KPI","REC","Pôle Recouvrement","Taux de recouvrement","Financier","Somme des encaissements sur la période / Somme des créances exigibles sur la même période) × 100.","Hebdomadaire","75","pourcentage","hausse_favorable"
"KPI-046","KPI-046","Catalogue KPI","REC","Pôle Recouvrement","Créances clients","Financier","Somme des factures émises échues sur une période donnée","Hebdomadaire",">= 100%","pourcentage","hausse_favorable"
"KPI-047","KPI-047","Catalogue KPI","REC","Pôle Recouvrement","Encours Clients","Financier","Somme des créances clients (Factures échues et non échues) + Commandes en cours non encore facturées (Risque total).","Hebdomadaire",">= 100%","pourcentage","hausse_favorable"
"KPI-048","KPI-048","Catalogue KPI","REC","Pôle Recouvrement","Balance Âgée","Financier","Date du jour - date d'échéance de la facture","Hebdomadaire","25","jours","hausse_favorable"
"KPI-049","KPI-049","Catalogue KPI","REC","Pôle Recouvrement","DSO (Days Sales Outstanding)","Financier","Créances clients / Chiffre d’affaires TTC sur la période) × Nombre de jours.","Hebdomadaire","45","jours","hausse_favorable"
"KPI-050","KPI-050","Catalogue KPI","REC","Pôle Recouvrement","Point des Encaissements","Financier","Somme réelle des encaissements sur une période donnée (virements, chèques...)","Hebdomadaire",">= 100%","pourcentage","hausse_favorable"
"KPI-051","KPI-051","Catalogue KPI","REC","Pôle Recouvrement","Créances Irrécouvrables","Financier","Créances douteuses / CA total).","Hebdomadaire","5","montant_fcfa_xof","hausse_favorable"
"KPI-052","KPI-052","Catalogue KPI","WFM","Pôle WFM (Workforce Management)","ADHERENCE HEURE","Productivité","Heures réalisées (temps total de présence - temps de déjeuner) /heures planifiées) * 100","Hebdomadaire","90","heures","hausse_favorable"
"KPI-053","KPI-053","Catalogue KPI","WFM","Pôle WFM (Workforce Management)","TAUX D'OCCUPATION","Productivité","Traitement + attente ) /( Traitement + attente + post appel ) )* 100","Hebdomadaire","75","pourcentage","hausse_favorable"
"KPI-054","KPI-054","Catalogue KPI","WFM","Pôle WFM (Workforce Management)","ADHERENCE PLANNING","Productivité","ETP (EFFECTIF TOTAL PLANIFIES) / BESOIN ) )* 100","Hebdomadaire","90","nombre_quantite","hausse_favorable"
"KPI-055","KPI-055","Catalogue KPI","WFM","Pôle WFM (Workforce Management)","QUALITE DE PREVISION","Productivité","RECUS / PREVUS","Hebdomadaire","90","nombre_quantite","hausse_favorable"
"KPI-056","KPI-056","Catalogue KPI","WFM","Pôle WFM (Workforce Management)","EFFICACITE","Opérationnel","TRAITES/RECUS","Hebdomadaire","95","nombre_quantite","hausse_favorable"
"KPI-057","KPI-057","Catalogue KPI","PMG","Pôle Moyens Généraux","Volume total des achats","Financier","Somme des montants des bons de commande et bons d'achat émis sur la période","Mensuel","0","montant_fcfa_xof","hausse_favorable"
"KPI-058","KPI-058","Catalogue KPI","PMG","Pôle Moyens Généraux","Taux de conformité des bons de commande","Qualité","Nombre de bons de commande conformes / Nombre total de bons de commande) × 100","Mensuel","95","pourcentage","hausse_favorable"
"KPI-059","KPI-059","Catalogue KPI","PMG","Pôle Moyens Généraux","Taux de non-conformité des produits","Qualité","Nombre de produits retournés ou non conformes / Total des produits achetés) × 100","Mensuel",">= 100%","pourcentage","hausse_favorable"
"KPI-060","KPI-060","Catalogue KPI","PMG","Pôle Moyens Généraux","Délai moyen d'approvisionnement","Opérationnel","Somme des délais individuels d'approvisionnement / Nombre de demandes traitées","Mensuel","0","jours","baisse_favorable"
"KPI-061","KPI-061","Catalogue KPI","PMG","Pôle Moyens Généraux","Taux de service client","Satisfaction Client","Nombre de demandes satisfaites / Nombre total de demandes exprimées) × 100","Mensuel","90","pourcentage","hausse_favorable"
"KPI-062","KPI-062","Catalogue KPI","PMG","Pôle Moyens Généraux","Taux de disponibilité du stock critique","Opérationnel","Nombre d'articles critiques disponibles / Nombre total d'articles critiques × 100","Mensuel","90","pourcentage","hausse_favorable"
"KPI-063","KPI-063","Catalogue KPI","BRD","Hoope Côte d'Ivoire (CI)","OOS","Opérationnel","TRO OOS (%) = Objectif (%) /Réalisé(%)","Hebdomadaire","19.7","pourcentage","hausse_favorable"
"KPI-064","KPI-064","Catalogue KPI","BRD","Hoope Côte d'Ivoire (CI)","DTR (Direct To Retail)","Commercial","TRO DTR (%) = (Réalisé DTR / Objectif DTR) × 100","Hebdomadaire","100","pourcentage","hausse_favorable"
"KPI-065","KPI-065","Catalogue KPI","BRD","Hoope Côte d'Ivoire (CI)","DTC (Direct To Consumer)","Commercial","TRO DTC (%) = (Réalisé DTC / Objectif DTC) × 100","Hebdomadaire","100","pourcentage","hausse_favorable"
"KPI-066","KPI-066","Catalogue KPI","BRD","Hoope Côte d'Ivoire (CI)","ADU (Active Data Users)","Commercial","TRO ADU (%) = (ADU Réalisé / ADU Objectif) × 100","Hebdomadaire","100","pourcentage","hausse_favorable"
"KPI-067","KPI-067","Catalogue KPI","BRD","Hoope Côte d'Ivoire (CI)","MAU (MoMo Active Users)","Commercial","TRO MAU (%) = (MAU Réalisé / MAU Objectif) × 100","Hebdomadaire","100","pourcentage","hausse_favorable"
"KPI-068","KPI-068","Catalogue KPI","BRD","Hoope Côte d'Ivoire (CI)","FTTH (Fiber To The Home)","Commercial","TRO FTTH (%) = (FTTH Réalisé / FTTH Objectif) × 100","Hebdomadaire","100","pourcentage","hausse_favorable"
"KPI-069","KPI-069","Catalogue KPI","BRD","Hoope Côte d'Ivoire (CI)","FWA (Fixed Wireless Access)","Commercial","TRO FWA (%) = (FWA Réalisé / FWA Objectif) × 100","Hebdomadaire","100","pourcentage","hausse_favorable"
"KPI-070","KPI-070","Catalogue KPI","BRD","Hoope Côte d'Ivoire (CI)","Services at Touch Point (SATP)","Commercial","SATP(%) = (NPS AGENT + NPS AGENCE)/2","Hebdomadaire","100","pourcentage","hausse_favorable"
"KPI-071","KPI-071","Catalogue KPI","BRD","Hoope Niger (NIG)","Recrutement Commerciaux (MRE)","Commercial","TRO = (Réalisé / Objectif) × 100","Hebdomadaire","100","nombre_quantite","hausse_favorable"
"KPI-072","KPI-072","Catalogue KPI","BRD","Hoope Niger (NIG)","Performance MRE","Commercial","TRO = (Réalisé / Objectif) × 100","Hebdomadaire","100","nombre_quantite","hausse_favorable"
"KPI-073","KPI-073","Catalogue KPI","BRD","Hoope Niger (NIG)","Recrutement TDR","Commercial","TRO = (Réalisé / Objectif) × 100","Hebdomadaire","100","nombre_quantite","hausse_favorable"
"KPI-074","KPI-074","Catalogue KPI","BRD","Hoope Niger (NIG)","Performance TDR","Commercial","TRO = (Réalisé / Objectif) × 100","Hebdomadaire","100","nombre_quantite","hausse_favorable"
"KPI-075","KPI-001","GMC_FICHE_COLLECTE_V2 / FORMULE","BPO","BPO","Taux de service (SL)","Qualité service","Nb appels traités dans le SLA / Nb appels reçus × 100","Horaire",">= 80-90%","pourcentage","zone_cible"
"KPI-076","KPI-002","GMC_FICHE_COLLECTE_V2 / FORMULE","BPO","BPO","Taux de décrochage","Qualité service","Nb appels traités / Nb appels reçus × 100","Horaire",">= 95%","pourcentage","hausse_favorable"
"KPI-077","KPI-003","GMC_FICHE_COLLECTE_V2 / FORMULE","BPO","BPO","Taux d'abandon","Qualité service","Nb appels abandonnés / Nb appels reçus × 100","Horaire","<= 5%","pourcentage","baisse_favorable"
"KPI-078","KPI-004","GMC_FICHE_COLLECTE_V2 / FORMULE","BPO","BPO","DMT — Durée Moyenne de Traitement (sec)","Performance agent","(Temps communication + Temps ACW) / Nb appels traités","Journalier","Selon contrat","nombre_quantite","baisse_favorable"
"KPI-079","KPI-005","GMC_FICHE_COLLECTE_V2 / FORMULE","BPO","BPO","Taux de facturation","Financier","Nb appels/interactions facturables / Nb appels/interactions traitées × 100","Journalier",">= 85-95%","pourcentage","zone_cible"
"KPI-080","KPI-006","GMC_FICHE_COLLECTE_V2 / FORMULE","BPO","BPO","CA de l'heure (FCFA/h)","Financier","CA réalisé / Heures de production réalisées","Horaire","Selon objectif","montant_fcfa_xof","hausse_favorable"
"KPI-081","KPI-007","GMC_FICHE_COLLECTE_V2 / FORMULE","BPO","BPO","CA par agent par jour (FCFA)","Financier","CA journalier / Nb agents présents","Journalier","Selon objectif","montant_fcfa_xof","hausse_favorable"
"KPI-082","KPI-008","GMC_FICHE_COLLECTE_V2 / FORMULE","BPO","BPO","Performance horaire par agent (FCFA/h/agent)","Financier","CA journalier / (Nb agents × Heures produites)","Journalier","Selon objectif","montant_fcfa_xof","hausse_favorable"
"KPI-083","KPI-009","GMC_FICHE_COLLECTE_V2 / FORMULE","BPO","BPO","Taux d'atteinte CA (%)","Financier","CA réalisé / CA objectif × 100","Horaire",">= 100%","pourcentage","hausse_favorable"
"KPI-084","KPI-010","GMC_FICHE_COLLECTE_V2 / FORMULE","BPO","BPO","Niveau de malus / % CA (%)","Financier","Montant malus / CA brut × 100","Journalier","<= seuil contrat","pourcentage","baisse_favorable"
"KPI-085","KPI-011","GMC_FICHE_COLLECTE_V2 / FORMULE","BPO","BPO","CA net après malus (FCFA)","Financier","CA brut réalisé − Malus applicables","Journalier","ca brut idéalement","montant_fcfa_xof","baisse_favorable"
"KPI-086","KPI-012","GMC_FICHE_COLLECTE_V2 / FORMULE","BPO","BPO","Nb portefeuilles actifs (CA > 0)","Activité","COUNTIF(CA portefeuilles, '>0')","Journalier","nb total portefeuilles","montant_fcfa_xof","hausse_favorable"
"KPI-087","KPI-013","GMC_FICHE_COLLECTE_V2 / FORMULE","WFM","WFM","Taux d'occupation / Occupancy (%)","WFM","Temps en communication + ACW / Temps de présence × 100","Horaire","75-85%","pourcentage","zone_cible"
"KPI-088","KPI-014","GMC_FICHE_COLLECTE_V2 / FORMULE","WFM","WFM","Adhérence au planning (%)","WFM","Heures réalisées conformément au schedule / Heures planifiées × 100","Journalier",">= 85-90%","pourcentage","zone_cible"
"KPI-089","KPI-015","GMC_FICHE_COLLECTE_V2 / FORMULE","WFM","WFM","Shrinkage — Coefficient d'absentéisme WFM (%)","WFM","Heures non productives (pauses, formation, absence, réunion) / Heures planifiées × 100","Journalier","<= 20%","pourcentage","baisse_favorable"
"KPI-090","KPI-016","GMC_FICHE_COLLECTE_V2 / FORMULE","WFM","WFM","Taux de présence vs planning (%)","WFM","Nb agents présents / Nb agents planifiés × 100","Journalier",">= 95%","pourcentage","hausse_favorable"
"KPI-091","KPI-017","GMC_FICHE_COLLECTE_V2 / FORMULE","WFM","WFM","Productivité planifiée (FCFA/h/agent plan.)","WFM × Financier","CA journalier / (Nb agents planifiés × Heures planifiées)","Journalier","Selon objectif","montant_fcfa_xof","hausse_favorable"
"KPI-092","KPI-018","GMC_FICHE_COLLECTE_V2 / FORMULE","DCH","DCH","Taux d'absentéisme (%)","RH","Nb agents absents / Effectif théorique × 100","Journalier","<= 5%","pourcentage","baisse_favorable"
"KPI-093","KPI-019","GMC_FICHE_COLLECTE_V2 / FORMULE","DCH","DCH","Taux de ponctualité (%)","RH","(Nb présents − Nb retards) / Nb présents × 100","Journalier",">= 95%","pourcentage","hausse_favorable"
"KPI-094","KPI-020","GMC_FICHE_COLLECTE_V2 / FORMULE","DCH","DCH","Taux de turn-over mensuel (%)","RH","Nb sorties du mois / Effectif moyen du mois × 100","Mensuel","<= 5%/mois","pourcentage","baisse_favorable"
"KPI-095","KPI-021","GMC_FICHE_COLLECTE_V2 / FORMULE","DCH","DCH","Taux de turn-over annualisé (%)","RH","Taux de turn-over mensuel × 12","Mensuel","<= 25-30%/an","pourcentage","zone_cible"
"KPI-096","KPI-022","GMC_FICHE_COLLECTE_V2 / FORMULE","DCH","DCH","Ratio MS/CA (%)","RH × Financier","Masse salariale totale chargée / CA réalisé × 100","Mensuel","<= 60-65%","pourcentage","zone_cible"
"KPI-097","KPI-023","GMC_FICHE_COLLECTE_V2 / FORMULE","DCH","DCH","Coût moyen par agent (FCFA/agent/mois)","RH × Financier","MS totale chargée / Effectif total","Mensuel","Selon grille","montant_fcfa_xof","baisse_favorable"
"KPI-098","KPI-024","GMC_FICHE_COLLECTE_V2 / FORMULE","DCH","DCH","Ratio encadrement (agents / superviseur)","RH","Nb CRCD / Nb superviseurs","Mensuel","15-18 CRCD/supv.","pourcentage","zone_cible"
"KPI-099","KPI-025","GMC_FICHE_COLLECTE_V2 / FORMULE","EPC","EPC","Tx% ECC — Erreur Critique Client (%)","Qualité","Nb erreurs critiques clients / Nb total évaluations × 100","Hebdomadaire","<= 5%","pourcentage","baisse_favorable"
"KPI-100","KPI-026","GMC_FICHE_COLLECTE_V2 / FORMULE","EPC","EPC","Tx% ECA — Erreur Critique Agent (%)","Qualité","Nb erreurs critiques agent / Nb total évaluations × 100","Hebdomadaire","<= 3%","pourcentage","baisse_favorable"
"KPI-101","KPI-027","GMC_FICHE_COLLECTE_V2 / FORMULE","EPC","EPC","Tx% ECCo — Erreur Critique Conformité (%)","Qualité","Nb erreurs critiques conformité / Nb total évaluations × 100","Hebdomadaire","<= 2%","pourcentage","baisse_favorable"
"KPI-102","KPI-028","GMC_FICHE_COLLECTE_V2 / FORMULE","EPC","EPC","Tx% ENC — Erreur Non Critique (%)","Qualité","Nb erreurs non critiques / Nb total évaluations × 100","Hebdomadaire","<= 10%","pourcentage","baisse_favorable"
"KPI-103","KPI-029","GMC_FICHE_COLLECTE_V2 / FORMULE","EPC","EPC","Taux de défaut global (%)","Qualité","Total erreurs (ECC + ECA + ECCo + ENC) / Nb total évaluations × 100","Hebdomadaire","<= 15%","pourcentage","baisse_favorable"
"KPI-104","KPI-030","GMC_FICHE_COLLECTE_V2 / FORMULE","EPC","EPC","Taux d'escalade / Pert Escal (%)","Qualité","Nb appels escaladés (superviseur, responsable) / Nb total appels traités × 100","Hebdomadaire","<= 5%","pourcentage","baisse_favorable"
"KPI-105","KPI-031","GMC_FICHE_COLLECTE_V2 / FORMULE","EPC","EPC","Score qualité moyen (%)","Qualité","Somme des scores / Nb évaluations × 100","Hebdomadaire",">= 85%","pourcentage","hausse_favorable"
"KPI-106","KPI-032","GMC_FICHE_COLLECTE_V2 / FORMULE","EPC","EPC","Score CSAT (%)","Qualité","Nombre de reponse positives (Top two box) X 100/Nombre total de reponses (Top two box+ Bottom box + Neutre)","Mensuel","Selon Pays","pourcentage","hausse_favorable"
"KPI-107","KPI-033","GMC_FICHE_COLLECTE_V2 / FORMULE","EPC","EPC","Score ASAT (%)","Qualité","Nombre de reponse positives (Top two box) X 100/ Nombre total de reponses (Top two box+ Bottom box + Neutre)","Hebdomadaire",">= 75%","pourcentage","hausse_favorable"
"KPI-108","KPI-034","GMC_FICHE_COLLECTE_V2 / FORMULE","EPC","EPC","Score NPS (%)","Qualité","[Pourcentage promoteur] - [Pourcentage détracteur]","Mensuel","Selon pays","pourcentage","hausse_favorable"
"KPI-109","KPI-035","GMC_FICHE_COLLECTE_V2 / FORMULE","GDC","DCM","Taux de conformité MCB → DO (%)","Conformité","Nb obligations MCB conformes / Nb total obligations MCB × 100","Hebdomadaire",">= 90%","pourcentage","hausse_favorable"
"KPI-110","KPI-036","GMC_FICHE_COLLECTE_V2 / FORMULE","GDC","DCM","Taux de conformité DO → MCB (%)","Conformité","Nb obligations DO conformes / Nb total obligations DO × 100","Hebdomadaire",">= 85%","pourcentage","hausse_favorable"
"KPI-111","KPI-037","GMC_FICHE_COLLECTE_V2 / FORMULE","GDC","DCM","Taux SLA respect MCB (%)","Conformité","Nb SLA MCB respectés / Nb total SLA MCB × 100","Hebdomadaire",">= 95%","pourcentage","hausse_favorable"
"KPI-112","KPI-038","GMC_FICHE_COLLECTE_V2 / FORMULE","GDC","DCM","Malus en % du CA (%)","Financier","Montant malus / CA brut × 100","Hebdomadaire","<= seuil contrat","pourcentage","baisse_favorable"
"KPI-113","KPI-039","GMC_FICHE_COLLECTE_V2 / FORMULE","DSI","DSI","Taux de disponibilité système (%)","IT","(Durée totale − Durée d'indisponibilité) / Durée totale × 100","Journalier",">= 99,5%","pourcentage","hausse_favorable"
"KPI-114","KPI-040","GMC_FICHE_COLLECTE_V2 / FORMULE","DSI","DSI","Taux de résolution J0 (%)","IT","Nb tickets résolus J0 / Nb tickets ouverts J0 × 100","Journalier",">= 70%","pourcentage","hausse_favorable"
"KPI-115","KPI-041","GMC_FICHE_COLLECTE_V2 / FORMULE","DSI","DSI","Taux postes opérationnels (%)","IT","(Nb postes total − Nb postes HS) / Nb postes total × 100","Journalier",">= 99%","pourcentage","hausse_favorable"
"KPI-116","KPI-042","GMC_FICHE_COLLECTE_V2 / FORMULE","DSI","DSI","MTTR — Mean Time to Repair (min)","IT","Durée totale réparations / Nb incidents résolus","Mensuel","<= 30 min (P1)","pourcentage","baisse_favorable"
"KPI-117","KPI-043","GMC_FICHE_COLLECTE_V2 / FORMULE","PAC","CONSOLIDÉ","Point mort CA / agent / jour (FCFA)","Financier consolidé","MS journalière totale chargée / Nb agents présents","Journalier","calcul interne","montant_fcfa_xof","hausse_favorable"
"KPI-118","KPI-044","GMC_FICHE_COLLECTE_V2 / FORMULE","PAC","CONSOLIDÉ","Marge brute par portefeuille (FCFA)","Financier consolidé","CA net portefeuille − (Charges directes imputées au portefeuille)","Mensuel","> 0 FCFA","montant_fcfa_xof","hausse_favorable"
"KPI-119","KPI-045","GMC_FICHE_COLLECTE_V2 / FORMULE","PAC","CONSOLIDÉ","Coût de production à l'heure (FCFA/h)","Financier consolidé","(MS directe + Charges opérationnelles directes) / Heures produites","Journalier","< CA/h","pourcentage","baisse_favorable"
"KPI-120","KPI-046","GMC_FICHE_COLLECTE_V2 / FORMULE","PAC","CONSOLIDÉ","Taux de productivité global (%)","Performance globale","CA réalisé / CA potentiel théorique × 100 (CA potentiel = CA/h cible × H planifiées)","Journalier",">= 85%","pourcentage","hausse_favorable"
"KPI-121","KPI-047","GMC_FICHE_COLLECTE_V2 / FORMULE","PAC","CONSOLIDÉ","Indice de performance composite (IPC)","Performance globale","(Taux SL + Taux facturation + Taux adhérence + Score qualité) / 4","Journalier",">= 85%","pourcentage","hausse_favorable"
"KPI-122","KPI-048","GMC_FICHE_COLLECTE_V2 / FORMULE","BID","FORMATION","QUALITE DE LA FORMATION CRCD INTEGRATION","Performance opérationnelle","(Nombre de conseillers intégrés ayant atteint le niveau de qualité cible après formation ÷ Nombre total de conseillers intégrés évalués) × 100.","Mensuel",">= 85%","pourcentage","hausse_favorable"
"KPI-123","KPI-049","GMC_FICHE_COLLECTE_V2 / FORMULE","BID","FORMATION","QUALITE DE LA FORMATION CRCD CONTINUE","Performance opérationnelle","(Nombre de collaborateurs ayant atteint ou maintenu le niveau de qualité cible après la formation continue ÷ Nombre total de collaborateurs évalués après la formation continue) × 100.","Mensuel",">= 95%","pourcentage","hausse_favorable"
"KPI-124","KPI-050","GMC_FICHE_COLLECTE_V2 / FORMULE","BID","FORMATION","EFFICACITE DE LA FORMATION","Performance opérationnelle","(Nombre de collaborateurs ayant atteint les objectifs opérationnels après formation ÷ Nombre total de collaborateurs formés évalués) × 100.","Mensuel",">= 80%","pourcentage","hausse_favorable"
"KPI-125","KPI-051","GMC_FICHE_COLLECTE_V2 / FORMULE","BID","FORMATION","EFFICACITE DU FORMATEUR","Performance opérationnelle","(Nombre de participants ayant atteint les objectifs pédagogiques ÷ Nombre total de participants formés) × 100.","Mensuel",">= 80%","pourcentage","hausse_favorable"
"KPI-126","KPI-052","GMC_FICHE_COLLECTE_V2 / FORMULE","BID","FORMATION","TAUX DE FORMATION REALISEE","Performance opérationnelle","Nombre d’heures de formation prévues au planning ÷Nombre d’heures de formation effectivement réalisées​×100","Mensuel",">= 100%","pourcentage","hausse_favorable"
"KPI-127","KPI-053","GMC_FICHE_COLLECTE_V2 / FORMULE","PMG","ACHATS & MOYENS GENERAUX","Montant total des achats engagés","Pilotage budgétaire / Dépenses","Somme des bons de commande + somme des bons d'achats","Mensuel","Selon objectif","montant_fcfa_xof","hausse_favorable"
"KPI-128","KPI-054","GMC_FICHE_COLLECTE_V2 / FORMULE","PMG","ACHATS & MOYENS GENERAUX","Tx% de conformité de bon de commande","Conformité des processus achats","(Nb de commande conformes / Nb de commande émises) x 100","Mensuel",">= 95%","pourcentage","hausse_favorable"
"KPI-129","KPI-055","GMC_FICHE_COLLECTE_V2 / FORMULE","PMG","ACHATS & MOYENS GENERAUX","Tx% de non-conformité des produits","Qualité des fournisseurs","(Nb de produits retournés ou non conformes/ total des produits livrés) x 100","Mensuel","<= 1%","pourcentage","baisse_favorable"
"KPI-130","KPI-056","GMC_FICHE_COLLECTE_V2 / FORMULE","PMG","ACHATS & MOYENS GENERAUX","Délais moyen d’approvisionnement (consommable standards)","Performance opérationnelle","Somme des délais individuels / nonmbre de demandes traités","Mensuel","10 <= jours <= 15","jours","baisse_favorable"
"KPI-131","KPI-057","GMC_FICHE_COLLECTE_V2 / FORMULE","PMG","ACHATS & MOYENS GENERAUX","Délais moyen d’approvisionnement (matériel informatique, mobilier et matériel spécifique)","Performance opérationnelle","(Somme des délais individuels) / nonmbre de demandes traités","Mensuel","<= 30 jours","jours","baisse_favorable"
"KPI-132","KPI-058","GMC_FICHE_COLLECTE_V2 / FORMULE","PMG","ACHATS & MOYENS GENERAUX","Taux de réalisation des maintenances préventives","Maintenance","(Nb de maintenances préventives réalisés/ Nb de maintenances préventives planifiés) x 100","Mensuel",">= 95%","pourcentage","hausse_favorable"
"KPI-133","KPI-059","GMC_FICHE_COLLECTE_V2 / FORMULE","PMG","ACHATS & MOYENS GENERAUX","Tx de service client","Qalité de service","(Nombre de demandes satisfaites /total des demandes exprimées) x 100","Mensuel",">= 90%","pourcentage","hausse_favorable"
"KPI-134","KPI-060","GMC_FICHE_COLLECTE_V2 / FORMULE","PMG","ACHATS & MOYENS GENERAUX","Tx de disponibilité du stock critique","Gestion des stocks","Nb d’articles critiques disponibles/Nb total d'articles critiques","Hebdomadaire",">= 90%","pourcentage","hausse_favorable"